date,year,season,companyCode,companyName,genre,EPS,shareValue,revenue,netIncome,comprehensiveIcome,IncomeAfterTax
"1111109","111","3","1103","嘉新水泥股份有限公司","水泥工業","-0.33","新台幣                 10.0000元","1593823.00","-324152.00","157609.00","-210339.00"
"1111109","111","3","1201","味全食品工業股份有限公司","食品工業","0.65","新台幣                 10.0000元","15214414.00","418407.00","7707.00","327082.00"
"1111109","111","3","1232","大統益股份有限公司","食品工業","6.12","新台幣                 10.0000元","17687951.00","1110830.00","166804.00","1009473.00"
"1111109","111","3","1234","黑松股份有限公司","食品工業","1.73","新台幣                 10.0000元","6964779.00","464944.00","377428.00","693895.00"
"1111109","111","3","1305","華夏海灣塑膠股份有限公司","塑膠工業","-0.55","新台幣                 10.0000元","14130620.00","-910821.00","476914.00","-300224.00"
"1111109","111","3","1321","大洋塑膠工業股份有限公司","塑膠工業","0.34","新台幣                 10.0000元","5187808.00","-124336.00","203402.00","74627.00"
"1111109","111","3","1326","台灣化學纖維股份有限公司","塑膠工業","2.54","新台幣                 10.0000元","293928768.00","-14688.00","18446040.00","17108868.00"
"1111109","111","3","1337","亞洲塑膠再生資源控股有限公司","塑膠工業","-1.34","新台幣                 10.0000元","468889.00","-354224.00","-5794.00","-360018.00"
"1111109","111","3","1413","宏洲纖維工業股份有限公司","紡織纖維","0.80","新台幣                 10.0000元","2501058.00","91142.00","14302.00","105444.00"
"1111109","111","3","1434","福懋興業股份有限公司","紡織纖維","1.89","新台幣                 10.0000元","26945284.00","939777.00","2516895.00","3177834.00"
"1111109","111","3","1437","勤益投資控股股份有限公司","其他","1.44","新台幣                 10.0000元","605760.00","319038.00","22677.00","291636.00"
"1111109","111","3","1438","三地開發地產股份有限公司","建材營造","5.32","新台幣                 10.0000元","455715.00","406739.00","-23165.00","378540.00"
"1111109","111","3","1451","年興紡織股份有限公司","紡織纖維","2.36","新台幣                 10.0000元","6853705.00","297629.00","277994.00","466663.00"
"1111109","111","3","1452","宏益纖維工業股份有限公司","紡織纖維","1.04","新台幣                 10.0000元","1428858.00","110084.00","63692.00","137772.00"
"1111109","111","3","1476","儒鴻企業股份有限公司","紡織纖維","21.86","新台幣                 10.0000元","32105868.00","6559881.00","956156.00","5998197.00"
"1111109","111","3","1477","聚陽實業股份有限公司","紡織纖維","11.32","新台幣                 10.0000元","24719886.00","3366503.00","222329.00","2761965.00"
"1111109","111","3","1515","力山工業股份有限公司","電機機械","-1.01","新台幣                 10.0000元","3652335.00","-319941.00","82187.00","-183155.00"
"1111109","111","3","1516","川飛能源股份有限公司","其他","1.03","新台幣                 10.0000元","1171319.00","44040.00","1548.00","36649.00"
"1111109","111","3","1524","耿鼎企業股份有限公司","汽車工業","1.75","新台幣                 10.0000元","1800349.00","186574.00","171995.00","288995.00"
"1111109","111","3","1526","日馳企業股份有限公司","電機機械","5.29","新台幣                 10.0000元","1718433.00","392525.00","20926.00","317358.00"
"1111109","111","3","1528","恩德科技股份有限公司","電機機械","0.73","新台幣                 10.0000元","2690629.00","59942.00","129467.00","141518.00"
"1111109","111","3","1535","中宇環保工程股份有限公司","電機機械","3.56","新台幣                 10.0000元","6364029.00","232333.00","277717.00","440307.00"
"1111109","111","3","1537","廣隆光電科技股份有限公司","電機機械","9.48","新台幣                 10.0000元","5734824.00","776248.00","245469.00","776383.00"
"1111109","111","3","1541","錩泰工業股份有限公司","電機機械","4.77","新台幣                 10.0000元","3399769.00","106443.00","360444.00","375897.00"
"1111109","111","3","1560","中國砂輪企業股份有限公司","電機機械","7.35","新台幣                 10.0000元","5318312.00","1173874.00","141249.00","1079171.00"
"1111109","111","3","1582","信錦企業股份有限公司","電子零組件業","2.77","新台幣                 10.0000元","8026301.00","260270.00","305357.00","348407.00"
"1111109","111","3","1597","直得科技股份有限公司","電機機械","2.85","新台幣                 10.0000元","1266381.00","278948.00","57020.00","253167.00"
"1111109","111","3","1605","華新麗華股份有限公司","電器電纜","5.37","新台幣                 10.0000元","136665439.00","8168139.00","14851287.00","18666795.00"
"1111109","111","3","1612","宏泰電工股份有限公司","電器電纜","0.70","新台幣                 10.0000元","4577438.00","391012.00","6186.00","221734.00"
"1111109","111","3","1707","葡萄王生技股份有限公司","生技醫療業","6.65","新台幣                 10.0000元","7266923.00","1729219.00","92247.00","1473613.00"
"1111109","111","3","1708","東南實業股份有限公司","化學工業","4.65","新台幣                 10.0000元","6129667.00","1537184.00","-54265.00","1158929.00"
"1111109","111","3","1712","興農股份有限公司","化學工業","3.37","新台幣                 10.0000元","18012868.00","1580461.00","192840.00","1424152.00"
"1111109","111","3","1713","國泰化工廠股份有限公司","化學工業","1.38","新台幣                 10.0000元","469709.00","8859.00","202768.00","208328.00"
"1111109","111","3","1714","和桐化學股份有限公司","化學工業","0.35","新台幣                 10.0000元","17185684.00","619330.00","111074.00","539387.00"
"1111109","111","3","1720","生達化學製藥股份有限公司","生技醫療業","3.58","新台幣                 10.0000元","4268103.00","814680.00","317843.00","927154.00"
"1111109","111","3","1723","中鋼碳素化學股份有限公司","化學工業","5.82","新台幣                 10.0000元","8223703.00","1410543.00","223428.00","1350339.00"
"1111109","111","3","1726","永記造漆工業股份有限公司","化學工業","3.68","新台幣                 10.0000元","7092787.00","591227.00","169720.00","596167.00"
"1111109","111","3","1730","花仙子企業股份有限公司","化學工業","3.32","新台幣                 10.0000元","2121104.00","256311.00","19995.00","225407.00"
"1111109","111","3","1736","喬山健康科技股份有限公司","生技醫療業","-0.35","新台幣                 10.0000元","22122519.00","-1041234.00","614592.00","-301108.00"
"1111109","111","3","1737","臺鹽實業股份有限公司","食品工業","1.68","新台幣                 10.0000元","2773166.00","351301.00","56276.00","320026.00"
"1111109","111","3","1752","南光化學製藥股份有限公司","生技醫療業","1.88","新台幣                 10.0000元","1339442.00","199551.00","30349.00","190229.00"
"1111109","111","3","1773","勝一化工股份有限公司","化學工業","5.77","新台幣                 10.0000元","8805725.00","1665231.00","121123.00","1441613.00"
"1111109","111","3","1783","和康生物科技股份有限公司","生技醫療業","1.25","新台幣                 10.0000元","440124.00","78407.00","34650.00","96131.00"
"1111109","111","3","1786","科妍生物科技股份有限公司","生技醫療業","1.69","新台幣                 10.0000元","397481.00","91481.00","45583.00","112169.00"
"1111109","111","3","1789","台灣神隆股份有限公司","生技醫療業","0.32","新台幣                 10.0000元","2248193.00","279981.00","34328.00","251644.00"
"1111109","111","3","1906","寶隆國際股份有限公司","造紙工業","3.03","新台幣                 10.0000元","3599604.00","5931.00","482743.00","457867.00"
"1111109","111","3","2002","中國鋼鐵股份有限公司","鋼鐵工業","1.48","新台幣                 10.0000元","354190284.00","25243744.00","5204576.00","23988932.00"
"1111109","111","3","2006","東和鋼鐵企業股份有限公司","鋼鐵工業","4.33","新台幣                 10.0000元","45922698.00","3901907.00","176243.00","3175036.00"
"1111109","111","3","2010","春源鋼鐵工業股份有限公司","鋼鐵工業","0.77","新台幣                 10.0000元","19048289.00","547900.00","65519.00","497627.00"
"1111109","111","3","2013","中國鋼鐵結構股份有限公司","鋼鐵工業","1.79","新台幣                 10.0000元","14036598.00","297509.00","132439.00","358485.00"
"1111109","111","3","2014","中鴻鋼鐵股份有限公司","鋼鐵工業","0.04","新台幣                 10.0000元","36320077.00","-715295.00","631878.00","55662.00"
"1111109","111","3","2015","豐興鋼鐵股份有限公司","鋼鐵工業","4.07","新台幣                 10.0000元","29645383.00","2516135.00","398860.00","2367715.00"
"1111109","111","3","2024","志聯工業股份有限公司","鋼鐵工業","0.55","新台幣                 10.0000元","924383.00","62428.00","5060.00","53698.00"
"1111109","111","3","2030","彰源企業股份有限公司","鋼鐵工業","2.56","新台幣                 10.0000元","12997831.00","1071794.00","-120643.00","716963.00"
"1111109","111","3","2031","新光鋼鐵股份有限公司","鋼鐵工業","0.67","新台幣                 10.0000元","13003039.00","727361.00","-252038.00","227116.00"
"1111109","111","3","2032","新鋼工業股份有限公司","鋼鐵工業","0.24","新台幣                 10.0000元","2604606.00","9426.00","25899.00","31313.00"
"1111109","111","3","2033","佳大世界股份有限公司","鋼鐵工業","-0.06","新台幣                 10.0000元","622171.00","-4327.00","-234.00","-4536.00"
"1111109","111","3","2034","允強實業股份有限公司","鋼鐵工業","2.38","新台幣                 10.0000元","13403214.00","1097004.00","305976.00","1059341.00"
"1111109","111","3","2049","上銀科技股份有限公司","電機機械","11.74","新台幣                 10.0000元","23722542.00","5072483.00","165232.00","3900047.00"
"1111109","111","3","2059","川湖科技股份有限公司","電子零組件業","35.59","新台幣                 10.0000元","5810543.00","2751342.00","1590596.00","3391268.00"
"1111109","111","3","2062","橋椿金屬股份有限公司","其他","3.55","新台幣                 10.0000元","6507258.00","587648.00","313991.00","710669.00"
"1111109","111","3","2103","台橡股份有限公司","橡膠工業","2.17","新台幣                 10.0000元","26357386.00","2440869.00","440172.00","2070321.00"
"1111109","111","3","2107","厚生股份有限公司","橡膠工業","2.05","新台幣                 10.0000元","1496200.00","324550.00","491972.00","699939.00"
"1111109","111","3","2114","鑫永銓股份有限公司","橡膠工業","3.50","新台幣                 10.0000元","1425154.00","455978.00","-88430.00","273072.00"
"1111109","111","3","2115","六暉控股股份有限公司","汽車工業","1.65","新台幣                 10.0000元","2360250.00","264629.00","-8542.00","163995.00"
"1111109","111","3","2227","裕隆日產汽車股份有限公司","汽車工業","6.55","新台幣                 10.0000元","17032967.00","97384.00","2374209.00","1965806.00"
"1111109","111","3","2228","劍麟股份有限公司","汽車工業","4.66","新台幣                 10.0000元","3308848.00","342111.00","133282.00","353734.00"
"1111109","111","3","2236","百達精密工業股份有限公司","汽車工業","0.94","新台幣                 10.0000元","1026482.00","58886.00","17388.00","41209.00"
"1111109","111","3","2301","光寶科技股份有限公司","電腦及週邊設備業","4.51","新台幣                 10.0000元","130361572.00","11745475.00","1252790.00","10333625.00"
"1111109","111","3","2303","聯華電子股份有限公司","半導體業","5.54","新台幣                 10.0000元","210869549.00","80655450.00","915646.00","68898429.00"
"1111109","111","3","2308","台達電子工業股份有限公司","電子零組件業","9.53","新台幣                 10.0000元","278783021.00","30661572.00","3880209.00","27894082.00"
"1111109","111","3","2329","華泰電子股份有限公司","半導體業","1.78","新台幣                 10.0000元","11936056.00","1167827.00","321692.00","1220588.00"
"1111109","111","3","2332","友訊科技股份有限公司","通信網路業","-0.29","新台幣                 10.0000元","12656795.00","171447.00","-124271.00","-72634.00"
"1111109","111","3","2337","旺宏電子股份有限公司","半導體業","4.52","新台幣                 10.0000元","34409528.00","8614911.00","1020263.00","8364504.00"
"1111109","111","3","2344","華邦電子股份有限公司","半導體業","3.11","新台幣                 10.0000元","75305977.00","15577140.00","1582049.00","14092350.00"
"1111109","111","3","2347","聯強國際股份有限公司","電子通路業","7.96","新台幣                 10.0000元","313012027.00","6286939.00","10602445.00","13670893.00"
"1111109","111","3","2352","佳世達科技股份有限公司","電腦及週邊設備業","4.01","新台幣                 10.0000元","183720277.00","4375457.00","11106415.00","10063297.00"
"1111109","111","3","2353","宏碁股份有限公司","電腦及週邊設備業","1.94","新台幣                 10.0000元","215586661.00","5916950.00","2426093.00","6253523.00"
"1111109","111","3","2354","鴻準精密工業股份有限公司","其他電子業","2.43","新台幣                 10.0000元","60498018.00","1734329.00","3384755.00","3427527.00"
"1111109","111","3","2369","菱生精密工業股份有限公司","半導體業","0.52","新台幣                 10.0000元","4769838.00","158623.00","83842.00","202762.00"
"1111109","111","3","2383","台光電子材料股份有限公司","電子零組件業","11.16","新台幣                 10.0000元","29784514.00","4702722.00","44156.00","3717155.00"
"1111109","111","3","2385","群光電子股份有限公司","電子零組件業","7.88","新台幣                 10.0000元","88145642.00","8093198.00","639312.00","6888131.00"
"1111109","111","3","2388","威盛電子股份有限公司","半導體業","-0.18","新台幣                 10.0000元","7092640.00","157856.00","314012.00","205821.00"
"1111109","111","3","2395","研華股份有限公司","電腦及週邊設備業","10.59","新台幣                 10.0000元","51557924.00","9500687.00","773415.00","8208119.00"
"1111109","111","3","2397","友通資訊股份有限公司","電腦及週邊設備業","3.43","新台幣                 10.0000元","11842778.00","528748.00","69218.00","461532.00"
"1111109","111","3","2408","南亞科技股份有限公司","半導體業","5.09","新台幣                 10.0000元","48998722.00","12546383.00","5749417.00","15765451.00"
"1111109","111","3","2412","中華電信股份有限公司","通信網路業","3.62","新台幣                 10.0000元","157238260.00","35867730.00","515816.00","29202599.00"
"1111109","111","3","2414","精技電腦股份有限公司","電子通路業","2.66","新台幣                 10.0000元","18876689.00","592453.00","4055.00","479449.00"
"1111109","111","3","2419","仲琦科技股份有限公司","通信網路業","1.09","新台幣                 10.0000元","8642851.00","572213.00","-32522.00","411979.00"
"1111109","111","3","2421","建準電機工業股份有限公司","電子零組件業","3.23","新台幣                 10.0000元","10270479.00","755142.00","280185.00","809382.00"
"1111109","111","3","2423","固緯電子實業股份有限公司","其他電子業","2.06","新台幣                 10.0000元","2131879.00","357151.00","75030.00","298981.00"
"1111109","111","3","2427","三商電腦股份有限公司","資訊服務業","0.95","新台幣                 10.0000元","2661769.00","190585.00","38767.00","175450.00"
"1111109","111","3","2428","興勤電子工業股份有限公司","電子零組件業","9.40","新台幣                 10.0000元","5588278.00","1175415.00","410267.00","1214188.00"
"1111109","111","3","2430","燦坤實業股份有限公司","電子通路業","3.23","新台幣                 10.0000元","17171157.00","572649.00","6202.00","469928.00"
"1111109","111","3","2436","偉詮電子股份有限公司","半導體業","0.78","新台幣                 10.0000元","2217395.00","262993.00","-78972.00","134820.00"
"1111109","111","3","2439","美律實業股份有限公司","通信網路業","5.10","新台幣                 10.0000元","25073296.00","656189.00","906501.00","1258242.00"
"1111109","111","3","2441","超豐電子股份有限公司","半導體業","5.04","新台幣                 10.0000元","12912096.00","3244498.00","424633.00","2869359.00"
"1111109","111","3","2449","京元電子股份有限公司","半導體業","4.36","新台幣                 10.0000元","27932433.00","7137505.00","-155663.00","5448270.00"
"1111109","111","3","2450","神腦國際企業股份有限公司","通信網路業","1.91","新台幣                 10.0000元","22666084.00","284559.00","312381.00","491301.00"
"1111109","111","3","2455","全新光電科技股份有限公司","通信網路業","2.75","新台幣                 10.0000元","2097562.00","516679.00","100058.00","507695.00"
"1111109","111","3","2457","飛宏科技股份有限公司","電子零組件業","0.04","新台幣                 10.0000元","10164806.00","-178877.00","237024.00","13785.00"
"1111109","111","3","2476","鉅祥企業股份有限公司","電子零組件業","3.77","新台幣                 10.0000元","5062054.00","796748.00","283614.00","806862.00"
"1111109","111","3","2480","敦陽科技股份有限公司","資訊服務業","5.03","新台幣                 10.0000元","4870642.00","574569.00","82848.00","535226.00"
"1111109","111","3","2483","百容電子股份有限公司","電子零組件業","1.54","新台幣                 10.0000元","1738357.00","99884.00","119793.00","170381.00"
"1111109","111","3","2484","希華晶體科技股份有限公司","電子零組件業","4.26","新台幣                 10.0000元","2590003.00","643268.00","223605.00","678289.00"
"1111109","111","3","2488","漢平電子工業股份有限公司","其他電子業","3.10","新台幣                 10.0000元","2390591.00","237312.00","103200.00","246437.00"
"1111109","111","3","2489","瑞軒科技股份有限公司","光電業","-2.93","新台幣                 10.0000元","12782179.00","-54065.00","-2810423.00","-2334119.00"
"1111109","111","3","2495","普安科技股份有限公司","電腦及週邊設備業","0.52","新台幣                 10.0000元","990871.00","113932.00","49344.00","143521.00"
"1111109","111","3","2497","怡利電子工業股份有限公司","汽車工業","2.23","新台幣                 10.0000元","2468798.00","177171.00","196301.00","265936.00"
"1111109","111","3","2504","國產建材實業股份有限公司","建材營造","2.94","新台幣                 10.0000元","15509144.00","2389614.00","1815924.00","3537249.00"
"1111109","111","3","2511","太子建設開發股份有限公司","建材營造","0.65","新台幣                 10.0000元","10411794.00","1732427.00","-420537.00","1026333.00"
"1111109","111","3","2528","皇普建設股份有限公司","建材營造","0.45","新台幣                 10.0000元","1136482.00","213723.00","-10227.00","167233.00"
"1111109","111","3","2535","達欣工程股份有限公司","建材營造","2.43","新台幣                 10.0000元","12716462.00","1364063.00","-318510.00","772962.00"
"1111109","111","3","2536","宏普建設股份有限公司","建材營造","0.10","新台幣                 10.0000元","648265.00","294289.00","-182558.00","26264.00"
"1111109","111","3","2548","華固建設股份有限公司","建材營造","10.90","新台幣                 10.0000元","14469218.00","3756998.00","16026.00","3020676.00"
"1111109","111","3","2603","長榮測試股份有限公司","航運業","68.88","新台幣                 10.0000元","516257233.00","341982476.00","18971707.00","314683232.00"
"1111109","111","3","2605","新興航運股份有限公司","航運業","-0.08","新台幣                 10.0000元","2888060.00","196571.00","-196695.00","44478.00"
"1111109","111","3","2612","中國航運股份有限公司","航運業","2.84","新台幣                 10.0000元","3357522.00","745476.00","-127668.00","555801.00"
"1111109","111","3","2617","台灣航業股份有限公司","航運業","3.87","新台幣                 10.0000元","2792497.00","851166.00","875216.00","1616782.00"
"1111109","111","3","2618","長榮航空股份有限公司","航運業","1.21","新台幣                 10.0000元","98626887.00","7929256.00","693122.00","6920683.00"
"1111109","111","3","2630","亞洲航空股份有限公司","航運業","0.05","新台幣                 10.0000元","3021072.00","18554.00","-7451.00","8776.00"
"1111109","111","3","2633","台灣高速鐵路股份有限公司","航運業","0.38","新台幣                 10.0000元","25436157.00","5260418.00","-3033588.00","2143683.00"
"1111109","111","3","2634","漢翔航空工業股份有限公司","航運業","1.46","新台幣                 10.0000元","21284127.00","1026583.00","697421.00","1373707.00"
"1111109","111","3","2636","台驊國際投資控股股份有限公司","航運業","17.15","新台幣                 10.0000元","23998220.00","2354487.00","867834.00","2507044.00"
"1111109","111","3","2637","慧洋海運股份有限公司","航運業","12.71","新台幣                 10.0000元","19662193.00","9799522.00","-296158.00","9488165.00"
"1111109","111","3","2642","台灣宅配通股份有限公司","航運業","1.46","新台幣                 10.0000元","3389906.00","157943.00","12146.00","139730.00"
"1111109","111","3","2727","王品餐飲股份有限公司","觀光事業","2.41","新台幣                 10.0000元","13310280.00","209924.00","-39011.00","95667.00"
"1111109","111","3","2809","京城商業銀行股份有限公司","金融保險業","0.98","新台幣                 10.0000元","2938144.00","--","--","1098766.00"
"1111109","111","3","2832","台灣產物保險股份有限公司","金融保險業","1.72","新台幣                 10.0000元","4587325.00","784381.00","112.00","622400.00"
"1111109","111","3","2836","高雄銀行股份有限公司","金融保險業","0.63","新台幣                 10.0000元","2976878.00","--","--","784943.00"
"1111109","111","3","2851","中央再保險股份有限公司","金融保險業","0.13","新台幣                 10.0000元","16563590.00","-127872.00","18.00","76185.00"
"1111109","111","3","2855","統一綜合證券股份有限公司","金融保險業","0.35","新台幣                 10.0000元","4593683.00","486915.00","236991.00","516988.00"
"1111109","111","3","2897","王道商業銀行股份有限公司","金融保險業","0.58","新台幣                 10.0000元","6979985.00","--","--","2386312.00"
"1111109","111","3","2910","統領百貨股份有限公司","貿易百貨","0.35","新台幣                 10.0000元","518150.00","119495.00","-51386.00","61076.00"
"1111109","111","3","2912","統一超商股份有限公司","貿易百貨","7.03","新台幣                 10.0000元","214644668.00","9374417.00","1446300.00","8602506.00"
"1111109","111","3","3004","豐達科技股份有限公司(原宏達)","鋼鐵工業","1.54","新台幣                 10.0000元","1510292.00","75789.00","-16253.00","81165.00"
"1111109","111","3","3006","晶豪科技股份有限公司","半導體業","7.06","新台幣                 10.0000元","13541121.00","1547880.00","905833.00","2043186.00"
"1111109","111","3","3008","大立光電股份有限公司","光電業","139.37","新台幣                 10.0000元","33285109.00","13599285.00","9059200.00","18600923.00"
"1111109","111","3","3011","今皓實業股份有限公司","電子零組件業","-0.15","新台幣                 10.0000元","1219462.00","-30314.00","68099.00","-16698.00"
"1111109","111","3","3014","聯陽半導體股份有限公司","半導體業","6.28","新台幣                 10.0000元","4066615.00","1085778.00","116539.00","1011078.00"
"1111109","111","3","3015","全漢企業股份有限公司","電子零組件業","3.23","新台幣                 10.0000元","11531107.00","393726.00","420813.00","664242.00"
"1111109","111","3","3019","亞洲光學股份有限公司","光電業","2.90","新台幣                 10.0000元","14462583.00","973491.00","474239.00","1149110.00"
"1111109","111","3","3023","信邦電子股份有限公司","電子零組件業","9.71","新台幣                 10.0000元","22570531.00","2537458.00","554876.00","2401849.00"
"1111109","111","3","3026","禾伸堂企業股份有限公司","電子零組件業","6.58","新台幣                 10.0000元","11777878.00","1178458.00","59650.00","956765.00"
"1111109","111","3","3029","零壹科技股份有限公司","資訊服務業","3.14","新台幣                 10.0000元","9796325.00","546807.00","39110.00","477616.00"
"1111109","111","3","3030","德律科技股份有限公司","其他電子業","6.78","新台幣                 10.0000元","5299035.00","1700525.00","354103.00","1601429.00"
"1111109","111","3","3034","聯詠科技股份有限公司","半導體業","39.32","新台幣                 10.0000元","87536513.00","27519751.00","2007692.00","23926743.00"
"1111109","111","3","3035","智原科技股份有限公司","半導體業","7.77","新台幣                 10.0000元","9815292.00","2269930.00","174614.00","2013083.00"
"1111109","111","3","3037","欣興電子股份有限公司","電子零組件業","15.09","新台幣                 10.0000元","103799486.00","28573415.00","1934509.00","23317586.00"
"1111109","111","3","3041","揚智科技股份有限公司","半導體業","0.24","新台幣                 10.0000元","2004610.00","123617.00","-51375.00","47802.00"
"1111109","111","3","3047","訊舟科技股份有限公司","通信網路業","1.26","新台幣                 10.0000元","4610424.00","99413.00","177226.00","250205.00"
"1111109","111","3","3048","益登科技股份有限公司","電子通路業","2.89","新台幣                 10.0000元","88271923.00","1305112.00","-321443.00","760740.00"
"1111109","111","3","3049","和鑫光電股份有限公司","光電業","0.09","新台幣                 10.0000元","1811684.00","-10078.00","116003.00","97079.00"
"1111109","111","3","3054","立萬利創新股份有限公司","半導體業","-1.35","新台幣                 10.0000元","23813.00","-29637.00","-78225.00","-108724.00"
"1111109","111","3","3057","喬鼎資訊股份有限公司","電腦及週邊設備業","0.25","新台幣                 10.0000元","741079.00","4923.00","19194.00","22762.00"
"1111109","111","3","3130","一零四資訊科技股份有限公司","資訊服務業","11.36","新台幣                 10.0000元","1654033.00","441416.00","17399.00","376059.00"
"1111109","111","3","3149","正達國際光電股份有限公司","光電業","-0.93","新台幣                 10.0000元","1819948.00","-315679.00","115471.00","-200208.00"
"1111109","111","3","3189","景碩科技股份有限公司","半導體業","12.83","新台幣                 10.0000元","33012291.00","7722068.00","514322.00","6457312.00"
"1111109","111","3","3231","緯創資通股份有限公司","電腦及週邊設備業","2.55","新台幣                 10.0000元","720764859.00","16778347.00","-268263.00","12718700.00"
"1111109","111","3","3257","虹冠電子工業股份有限公司","半導體業","1.48","新台幣                 10.0000元","456811.00","84193.00","46225.00","118502.00"
"1111109","111","3","3266","昇陽建設企業股份有限公司","建材營造","0.52","新台幣                 10.0000元","2354801.00","155062.00","17947.00","138848.00"
"1111109","111","3","3311","閎暉實業股份有限公司","通信網路業","1.25","新台幣                 10.0000元","1548597.00","85538.00","27952.00","85192.00"
"1111109","111","3","3321","同泰電子科技股份有限公司","電子零組件業","-0.42","新台幣                 10.0000元","1389944.00","-153746.00","89745.00","-65202.00"
"1111109","111","3","3338","泰碩電子股份有限公司","電子零組件業","2.51","新台幣                 10.0000元","3649018.00","191489.00","107486.00","220679.00"
"1111109","111","3","3380","明泰科技股份有限公司","通信網路業","1.28","新台幣                 10.0000元","24392938.00","1179421.00","-41657.00","839515.00"
"1111109","111","3","3416","融程電訊股份有限公司","電腦及週邊設備業","4.72","新台幣                 10.0000元","1958595.00","341068.00","79283.00","342344.00"
"1111109","111","3","3432","台端興業股份有限公司","電子零組件業","2.29","新台幣                 10.0000元","15583.00","-26249.00","226093.00","152215.00"
"1111109","111","3","3437","榮創能源科技股份有限公司","光電業","-0.50","新台幣                 10.0000元","2010936.00","-142540.00","70976.00","-73335.00"
"1111109","111","3","3443","創意電子股份有限公司","半導體業","17.64","新台幣                 10.0000元","15956789.00","2610572.00","157959.00","2364049.00"
"1111109","111","3","3454","晶睿通訊股份有限公司","光電業","5.30","新台幣                 10.0000元","6551852.00","498945.00","42660.00","478587.00"
"1111109","111","3","3504","揚明光學股份有限公司","光電業","1.19","新台幣                 10.0000元","3799559.00","88821.00","94610.00","137495.00"
"1111109","111","3","3515","華擎科技股份有限公司","電腦及週邊設備業","8.49","新台幣                 10.0000元","12221460.00","944796.00","398052.00","1177509.00"
"1111109","111","3","3530","晶相光電股份有限公司","半導體業","2.11","新台幣                 10.0000元","1605604.00","183652.00","21850.00","162762.00"
"1111109","111","3","3535","晶彩科技股份有限公司","光電業","3.48","新台幣                 10.0000元","1252079.00","194721.00","128209.00","274883.00"
"1111109","111","3","3543","州巧科技股份有限公司","光電業","-0.36","新台幣                 10.0000元","2336635.00","-72079.00","38221.00","-38583.00"
"1111109","111","3","3563","牧德科技股份有限公司","光電業","10.89","新台幣                 10.0000元","1605088.00","468520.00","138307.00","488742.00"
"1111109","111","3","3583","辛耘企業股份有限公司","半導體業","5.29","新台幣                 10.0000元","4077908.00","484722.00","56289.00","425207.00"
"1111109","111","3","3591","艾笛森光電股份有限公司","光電業","0.40","新台幣                 10.0000元","1397829.00","36116.00","35882.00","62880.00"
"1111109","111","3","3592","瑞鼎科技股份有限公司","半導體業","46.10","新台幣                 10.0000元","18626035.00","3139458.00","899980.00","3468072.00"
"1111109","111","3","3652","精聯電子股份有限公司","電腦及週邊設備業","1.09","新台幣                 10.0000元","1763206.00","90203.00","9907.00","82028.00"
"1111109","111","3","3653","健策精密工業股份有限公司","電子零組件業","14.38","新台幣                 10.0000元","8609329.00","2017772.00","423239.00","1955321.00"
"1111109","111","3","3669","圓展科技股份有限公司","通信網路業","3.38","新台幣                 10.0000元","2378573.00","288929.00","50620.00","313903.00"
"1111109","111","3","3679","新至陞科技股份有限公司","電子零組件業","10.76","新台幣                 10.0000元","2913079.00","307473.00","593269.00","674526.00"
"1111109","111","3","3682","亞太電信股份有限公司","通信網路業","-0.98","新台幣                 10.0000元","9627312.00","-3291840.00","-85413.00","-4168503.00"
"1111109","111","3","3703","欣陸投資控股股份有限公司","建材營造","3.21","新台幣                 10.0000元","24477392.00","2910343.00","-125250.00","2546919.00"
"1111109","111","3","3704","合勤投資控股股份有限公司","通信網路業","2.72","新台幣                 10.0000元","21918764.00","1165738.00","329548.00","1170583.00"
"1111109","111","3","3708","上緯國際投資控股股份有限公司","化學工業","8.35","新台幣                 10.0000元","7465411.00","261913.00","727177.00","822113.00"
"1111109","111","3","3711","日月光投資控股股份有限公司","半導體業","10.74","新台幣                 10.0000元","493455404.00","60401092.00","1012139.00","48610783.00"
"1111109","111","3","3714","富采投資控股股份有限公司","光電業","1.12","新台幣                 10.0000元","23011170.00","382965.00","125296.00","377285.00"
"1111109","111","3","4108","懷特生技新藥股份有限公司","生技醫療業","-0.22","新台幣                 10.0000元","101651.00","-101522.00","36446.00","-65076.00"
"1111109","111","3","4164","承業生醫投資控股股份有限公司","生技醫療業","1.69","新台幣                 10.0000元","2115832.00","351212.00","19581.00","300770.00"
"1111109","111","3","4438","廣越企業股份有限公司","紡織纖維","12.27","新台幣                 10.0000元","15615893.00","1507261.00","459132.00","1491028.00"
"1111109","111","3","4545","銘鈺精密工業股份有限公司","電子零組件業","1.98","新台幣                 10.0000元","1704833.00","127354.00","75778.00","152348.00"
"1111109","111","3","4551","智伸科技股份有限公司","汽車工業","9.61","新台幣                 10.0000元","7005248.00","1222312.00","242323.00","1106977.00"
"1111109","111","3","4555","台灣氣立股份有限公司","電機機械","2.23","新台幣                 10.0000元","1427121.00","166267.00","9625.00","158647.00"
"1111109","111","3","4564","元翎精密工業股份有限公司","電機機械","0.45","新台幣                 10.0000元","1474736.00","74046.00","16472.00","81343.00"
"1111109","111","3","4571","鈞興機電國際股份有限公司","電機機械","5.85","新台幣                 10.0000元","1844384.00","195676.00","148277.00","308426.00"
"1111109","111","3","4572","駐龍精密機械股份有限公司","電機機械","4.51","新台幣                 10.0000元","466736.00","144365.00","53479.00","161346.00"
"1111109","111","3","4576","大銀微系統股份有限公司","電機機械","2.34","新台幣                 10.0000元","2513373.00","317669.00","81424.00","330567.00"
"1111109","111","3","4583","台灣精銳科技股份有限公司","電機機械","11.43","新台幣                 10.0000元","2563085.00","852089.00","252783.00","878993.00"
"1111109","111","3","4739","康普材料科技股份有限公司","化學工業","4.59","新台幣                 10.0000元","7467207.00","590563.00","131266.00","509749.00"
"1111109","111","3","4770","上品綜合工業股份有限公司","化學工業","16.15","新台幣                 10.0000元","4507418.00","1533553.00","50591.00","1270658.00"
"1111109","111","3","4915","致伸科技股份有限公司","電子零組件業","4.77","新台幣                 10.0000元","60517070.00","2579535.00","256363.00","2240101.00"
"1111109","111","3","4919","新唐科技股份有限公司","半導體業","8.36","新台幣                 10.0000元","32303181.00","3823186.00","489573.00","3507804.00"
"1111109","111","3","4935","茂林光電科技(開曼)股份有限公司","光電業","6.20","新台幣                 10.0000元","7465600.00","728564.00","213594.00","799638.00"
"1111109","111","3","4952","凌通科技股份有限公司","半導體業","5.10","新台幣                 10.0000元","2680006.00","594093.00","70359.00","555119.00"
"1111109","111","3","4956","光鋐科技股份有限公司","光電業","-0.04","新台幣                 10.0000元","905933.00","-31354.00","25773.00","-4517.00"
"1111109","111","3","4958","臻鼎科技控股股份有限公司","電子零組件業","10.04","新台幣                 10.0000元","118454269.00","13753495.00","1995057.00","13677665.00"
"1111109","111","3","4961","天鈺科技股份有限公司","半導體業","14.62","新台幣                 10.0000元","15550510.00","3538174.00","91288.00","2970778.00"
"1111109","111","3","4968","立積電子股份有限公司","半導體業","1.56","新台幣                 10.0000元","2635202.00","21516.00","137455.00","138378.00"
"1111109","111","3","4994","傳奇網路遊戲股份有限公司","資訊服務業","0.58","新台幣                 10.0000元","1522565.00","127840.00","-60344.00","64702.00"
"1111109","111","3","5203","訊連科技股份有限公司","資訊服務業","2.93","新台幣                 10.0000元","1252160.00","132666.00","134901.00","230324.00"
"1111109","111","3","5288","開曼商豐祥控股股份有限公司","電機機械","9.71","新台幣                 10.0000元","5757942.00","774017.00","31418.00","634419.00"
"1111109","111","3","5434","崇越科技股份有限公司","電子通路業","13.50","新台幣                 10.0000元","39600756.00","2471194.00","862614.00","2499822.00"
"1111109","111","3","5519","隆大營建事業股份有限公司","建材營造","3.10","新台幣                 10.0000元","3722382.00","796866.00","721.00","680280.00"
"1111109","111","3","5522","遠雄建設事業股份有限公司","建材營造","5.02","新台幣                 10.0000元","18477087.00","5015120.00","6055.00","3920031.00"
"1111109","111","3","5706","鳳凰國際旅行社股份有限公司","觀光事業","-0.36","新台幣                 10.0000元","84229.00","-45208.00","16602.00","-24442.00"
"1111109","111","3","6112","邁達特數位股份有限公司","資訊服務業","1.70","新台幣                 10.0000元","9044887.00","370428.00","37504.00","328192.00"
"1111109","111","3","6116","瀚宇彩晶股份有限公司","光電業","-0.27","新台幣                 10.0000元","13274091.00","-187739.00","-538004.00","-780866.00"
"1111109","111","3","6120","達運精密工業股份有限公司","光電業","-0.42","新台幣                 10.0000元","11538753.00","-895708.00","633648.00","-277708.00"
"1111109","111","3","6142","友勁科技股份有限公司","通信網路業","0.14","新台幣                 10.0000元","2301151.00","-144293.00","194136.00","45965.00"
"1111109","111","3","6155","鈞寶電子工業股份有限公司","電子零組件業","2.08","新台幣                 10.0000元","590392.00","64891.00","163396.00","181010.00"
"1111109","111","3","6166","凌華科技股份有限公司","電腦及週邊設備業","3.31","新台幣                 10.0000元","8430503.00","439669.00","419499.00","720612.00"
"1111109","111","3","6176","瑞儀光電股份有限公司","光電業","12.00","新台幣                 10.0000元","43398099.00","5828201.00","4776451.00","5579981.00"
"1111109","111","3","6177","達麗建設事業股份有限公司","建材營造","3.41","新台幣                 10.0000元","8366829.00","1586469.00","9874.00","1323457.00"
"1111109","111","3","6183","關貿網路股份有限公司","資訊服務業","2.66","新台幣                 10.0000元","1665680.00","473829.00","19712.00","398891.00"
"1111109","111","3","6197","佳必琪國際股份有限公司","電子零組件業","3.24","新台幣                 10.0000元","3167069.00","289193.00","181461.00","396450.00"
"1111109","111","3","6201","亞弘電科技股份有限公司","其他電子業","2.77","新台幣                 10.0000元","2168568.00","174237.00","106059.00","246953.00"
"1111109","111","3","6202","盛群半導體股份有限公司","半導體業","4.83","新台幣                 10.0000元","4930658.00","1218885.00","158772.00","1113614.00"
"1111109","111","3","6205","詮欣股份有限公司","電子零組件業","3.00","新台幣                 10.0000元","1399258.00","223345.00","75819.00","238528.00"
"1111109","111","3","6206","飛捷科技股份有限公司","電腦及週邊設備業","6.64","新台幣                 10.0000元","4570707.00","973947.00","122235.00","932326.00"
"1111109","111","3","6213","聯茂電子股份有限公司","電子零組件業","4.01","新台幣                 10.0000元","22266721.00","1442762.00","491346.00","1521175.00"
"1111109","111","3","6226","光鼎電子股份有限公司","光電業","0.24","新台幣                 10.0000元","758025.00","-16354.00","55490.00","29987.00"
"1111109","111","3","6239","力成科技股份有限公司","半導體業","9.79","新台幣                 10.0000元","65524107.00","10322804.00","1354260.00","9165528.00"
"1111109","111","3","6257","矽格股份有限公司","半導體業","6.16","新台幣                 10.0000元","14557736.00","3105746.00","910345.00","3199222.00"
"1111109","111","3","6269","台郡科技股份有限公司","電子零組件業","9.10","新台幣                 10.0000元","28947306.00","2641151.00","981653.00","2977591.00"
"1111109","111","3","6278","台灣表面黏著科技股份有限公司","光電業","10.68","新台幣                 10.0000元","50857777.00","4226349.00","-89252.00","3130467.00"
"1111109","111","3","6281","全國電子股份有限公司","電子通路業","4.93","新台幣                 10.0000元","16930826.00","610631.00","401.00","488825.00"
"1111109","111","3","6282","康舒科技股份有限公司","電子零組件業","1.45","新台幣                 10.0000元","19507199.00","489598.00","461100.00","784058.00"
"1111109","111","3","6285","啟碁科技股份有限公司","通信網路業","5.33","新台幣                 10.0000元","66162635.00","2061624.00","473864.00","2091407.00"
"1111109","111","3","6412","群光電能科技股份有限公司","電子零組件業","6.32","新台幣                 10.0000元","31564735.00","2953013.00","132473.00","2495370.00"
"1111109","111","3","6456","GIS Holding Limited","光電業","8.07","新台幣                 10.0000元","92654570.00","2502813.00","572363.00","2670835.00"
"1111109","111","3","6504","南六企業股份有限公司","其他","1.16","新台幣                 10.0000元","4348711.00","-16851.00","182216.00","84543.00"
"1111109","111","3","6505","台塑石化股份有限公司","油電燃氣業","2.55","新台幣                 10.0000元","653901824.00","18271093.00","11131471.00","24281793.00"
"1111109","111","3","6531","愛普科技股份有限公司","半導體業","11.71","新台幣                  5.0000元","4269682.00","1319243.00","1047350.00","1877128.00"
"1111109","111","3","6579","研揚科技股份有限公司","電腦及週邊設備業","7.27","新台幣                 10.0000元","6096534.00","845603.00","214147.00","842572.00"
"1111109","111","3","6581","台灣鋼聯股份有限公司","其他","6.79","新台幣                 10.0000元","1928521.00","914790.00","25483.00","756064.00"
"1111109","111","3","6582","申豐特用應材股份有限公司","橡膠工業","1.77","新台幣                 10.0000元","1421454.00","217620.00","94757.00","188366.00"
"1111109","111","3","6592","和潤企業股份有限公司","其他","5.24","新台幣                 10.0000元","16561651.00","3608424.00","387764.00","3031862.00"
"1111109","111","3","6669","緯穎科技服務股份有限公司","電腦及週邊設備業","58.48","新台幣                 10.0000元","205436641.00","12365632.00","568474.00","10224411.00"
"1111109","111","3","6719","力智電子股份有限公司","半導體業","14.68","新台幣                 10.0000元","5093288.00","1259136.00","194660.00","1144393.00"
"1111109","111","3","6756","威鋒電子股份有限公司","半導體業","9.96","新台幣                 10.0000元","2471899.00","659089.00","152707.00","681573.00"
"1111109","111","3","6770","力晶積成電子製造股份有限公司","半導體業","5.40","新台幣                 10.0000元","61724407.00","23518842.00","1046497.00","19714969.00"
"1111109","111","3","6776","展碁國際股份有限公司","電子通路業","3.60","新台幣                 10.0000元","17476801.00","381166.00","36821.00","323940.00"
"1111109","111","3","6799","來頡科技股份有限公司","半導體業","6.27","新台幣                 10.0000元","924166.00","286761.00","19388.00","242617.00"
"1111109","111","3","6834","天二科技股份有限公司","電子零組件業","1.61","新台幣                 10.0000元","890456.00","83375.00","62243.00","130328.00"
"1111109","111","3","8021","尖點科技股份有限公司","其他電子業","1.89","新台幣                 10.0000元","2682992.00","424811.00","22740.00","300707.00"
"1111109","111","3","8039","台虹科技股份有限公司","電子零組件業","3.30","新台幣                 10.0000元","6861226.00","566944.00","308331.00","688695.00"
"1111109","111","3","8046","南亞電路板股份有限公司","電子零組件業","22.08","新台幣                 10.0000元","46942811.00","16614859.00","2123586.00","14265133.00"
"1111109","111","3","8070","長華電材股份有限公司","電子通路業","2.81","新台幣                  1.0000元","16988021.00","2718938.00","1172168.00","3136203.00"
"1111109","111","3","8103","瀚荃股份有限公司","電子零組件業","3.97","新台幣                 10.0000元","2977140.00","319473.00","158816.00","311110.00"
"1111109","111","3","8112","至上電子股份有限公司","電子通路業","4.76","新台幣                 10.0000元","138355336.00","3314072.00","-475370.00","2083891.00"
"1111109","111","3","8131","福懋科技股份有限公司","半導體業","4.01","新台幣                 10.0000元","7932504.00","1497839.00","676568.00","1773263.00"
"1111109","111","3","8150","南茂科技股份有限公司","半導體業","4.42","新台幣                 10.0000元","18830865.00","2906323.00","941207.00","3217099.00"
"1111109","111","3","8163","達方電子股份有限公司","電腦及週邊設備業","3.12","新台幣                 10.0000元","22741502.00","1246595.00","161096.00","1095186.00"
"1111109","111","3","8213","志超科技股份有限公司","電子零組件業","4.18","新台幣                 10.0000元","17321207.00","1261221.00","329907.00","1181047.00"
"1111109","111","3","8215","明基材料股份有限公司","光電業","3.39","新台幣                 10.0000元","11922439.00","596057.00","988350.00","1081122.00"
"1111109","111","3","8222","寶一科技股份有限公司","電機機械","0.39","新台幣                 10.0000元","343358.00","-34047.00","60976.00","26929.00"
"1111109","111","3","8261","富鼎先進電子股份有限公司","半導體業","8.40","新台幣                 10.0000元","3204976.00","783798.00","239858.00","813341.00"
"1111109","111","3","8271","宇瞻科技股份有限公司","半導體業","4.16","新台幣                 10.0000元","6661546.00","529128.00","17643.00","441244.00"
"1111109","111","3","8341","日友環保科技股份有限公司","其他","6.16","新台幣                 10.0000元","2871410.00","886709.00","4049.00","681634.00"
"1111109","111","3","8367","建新國際股份有限公司","航運業","2.23","新台幣                 10.0000元","1769773.00","370488.00","-109664.00","173420.00"
"1111109","111","3","8374","羅昇企業股份有限公司","電機機械","0.77","新台幣                 10.0000元","2899045.00","105198.00","32086.00","101672.00"
"1111109","111","3","8422","可寧衛股份有限公司","其他","8.80","新台幣                 10.0000元","3792909.00","1208303.00","9328.00","954816.00"
"1111109","111","3","8438","昶昕實業股份有限公司","其他","1.41","新台幣                 10.0000元","2943729.00","85818.00","49138.00","95683.00"
"1111109","111","3","8454","富邦媒體科技股份有限公司","貿易百貨","11.05","新台幣                 10.0000元","71633611.00","2936204.00","79488.00","2412691.00"
"1111109","111","3","8480","泰昇國際(控股)有限公司","其他","2.25","新台幣                 10.0000元","1146493.00","47722.00","59331.00","88243.00"
"1111109","111","3","8481","政伸企業股份有限公司","其他","4.10","新台幣                 10.0000元","1140983.00","320655.00","63515.00","273161.00"
"1111109","111","3","8940","新天地國際實業股份有限公司","觀光事業","-0.41","新台幣                 10.0000元","594693.00","-35582.00","-3161.00","-29623.00"
"1111109","111","3","8996","高力熱處理工業股份有限公司","電機機械","2.24","新台幣                 10.0000元","1944140.00","223464.00","37229.00","200564.00"
"1111109","111","3","9802","鈺齊國際股份有限公司","其他","14.94","新台幣                 10.0000元","17965182.00","2851904.00","709524.00","2793550.00"
"1111109","111","3","9902","台火開發股份有限公司","其他","-0.51","新台幣                 10.0000元","70523.00","-15786.00","-30857.00","-49909.00"
"1111109","111","3","9905","大華金屬工業股份有限公司","其他","1.31","新台幣                 10.0000元","7027281.00","437611.00","85918.00","391733.00"
"1111109","111","3","9907","統一實業股份有限公司","其他","1.43","新台幣                 10.0000元","34401487.00","2677519.00","171190.00","2180649.00"
"1111109","111","3","9911","台灣櫻花股份有限公司","其他","3.47","新台幣                 10.0000元","6050012.00","796343.00","148492.00","754451.00"
"1111109","111","3","9921","巨大機械工業股份有限公司","其他","15.01","新台幣                 10.0000元","70874296.00","6887972.00","1062974.00","5874507.00"
"1111109","111","3","9924","台灣福興工業股份有限公司","其他","4.14","新台幣                 10.0000元","7397575.00","651314.00","383121.00","781611.00"
"1111109","111","3","9930","中聯資源股份有限公司","其他","2.47","新台幣                 10.0000元","8573400.00","722449.00","36329.00","615293.00"
"1111109","111","3","9931","欣高石油氣股份有限公司","油電燃氣業","1.37","新台幣                 10.0000元","944509.00","131227.00","60903.00","152827.00"
"1111109","111","3","9933","中鼎工程股份有限公司","其他","2.49","新台幣                 10.0000元","69210356.00","2778423.00","251639.00","2619625.00"
"1111109","111","3","9934","成霖企業股份有限公司","其他","-2.77","新台幣                 10.0000元","15256408.00","-815317.00","-139524.00","-991801.00"
"1111109","111","3","9943","好樂迪股份有限公司","觀光事業","2.16","新台幣                 10.0000元","1679264.00","162780.00","194084.00","309144.00"
